会員番号,受付番号,申請番号,受付年月日,管理番号,登録年月日,決済ステータス,処理状態,利用者ID,利用者氏名,利用者区分
AA10000000AA,R400000,東京オンAB10-20000,20260101,M0900000,20250101,決済済,TRUE,U07000,佐藤 一郎,一般
HD10000137FL,R400003,大阪オンBC11-20001,20260202,M0900001,20250202,決済済,FALSE,U07001,鈴木 花子,優待
OG10000274KW,R400006,名古屋オンCD12-20002,20260303,M0900002,20250303,決済済,FALSE,U07002,高橋 次郎,法人
VJ10000411PH,R400009,福岡オンDE13-20003,20260404,M0900003,20250404,決済済,FALSE,U07003,田中 三郎,一般
CM10000548US,R400012,札幌オンEF14-20004,20260505,M0900004,20250505,決済済,FALSE,U07004,伊藤 良子,優待
JP10000685ZD,R400015,仙台オンFG15-20005,20260606,M0900005,20250606,決済済,FALSE,U07005,渡辺 健,法人
QS10000822EO,R400018,広島オンGH16-20006,20260707,M0900006,20250707,決済済,FALSE,U07006,山本 明,一般
XV10000959JZ,R400021,高松オンHI17-20007,20260808,M0900007,20250808,決済済,FALSE,U07007,中村 誠,優待
EY10001096OK,R400024,東京オンIJ18-20008,20260909,M0900008,20250909,決済済,FALSE,U07008,小林 舞,法人
LB10001233TV,R400027,大阪オンJK19-20009,20261010,M0900009,20251010,決済済,FALSE,U07009,加藤 涼,一般
SE10001370YG,R400030,名古屋オンKL20-20010,20261111,M0900010,20251111,決済済,FALSE,U07010,佐藤 一郎,優待
ZH10001507DR,R400033,福岡オンLM21-20011,20261212,M0900011,20251212,決済済,FALSE,U07011,鈴木 花子,法人
GK10001644IC,R400036,札幌オンMN22-20012,20260113,M0900012,20250113,決済済,FALSE,U07012,高橋 次郎,一般
NN10001781NN,R400039,仙台オンNO23-20013,20260214,M0900013,20250214,決済済,FALSE,U07013,田中 三郎,優待
UQ10001918SY,R400042,広島オンOP24-20014,20260315,M0900014,20250315,決済済,FALSE,U07014,伊藤 良子,法人
BT10002055XJ,R400045,高松オンPQ25-20015,20260416,M0900015,20250416,決済済,FALSE,U07015,渡辺 健,一般
IW10002192CU,R400048,東京オンQR26-20016,20260517,M0900016,20250517,決済済,FALSE,U07016,山本 明,優待
PZ10002329HF,R400051,大阪オンRS27-20017,20260618,M0900017,20250618,決済済,FALSE,U07017,中村 誠,法人
WC10002466MQ,R400054,名古屋オンST28-20018,20260719,M0900018,20250719,決済済,FALSE,U07018,小林 舞,一般
DF10002603RB,R400057,福岡オンTU29-20019,20260820,M0900019,20250820,決済済,FALSE,U07019,加藤 涼,優待
KI10002740WM,R400060,札幌オンUV30-20020,20260921,M0900020,20250921,決済済,FALSE,U07020,佐藤 一郎,法人
RL10002877BX,R400063,仙台オンVW31-20021,20261022,M0900021,20251022,決済済,FALSE,U07021,鈴木 花子,一般
YO10003014GI,R400066,広島オンWX32-20022,20261123,M0900022,20251123,決済済,FALSE,U07022,高橋 次郎,優待
FR10003151LT,R400069,高松オンXY33-20023,20261224,M0900023,20251224,決済済,FALSE,U07023,田中 三郎,法人
MU10003288QE,R400072,東京オンYZ34-20024,20260125,M0900024,20250125,決済済,FALSE,U07024,伊藤 良子,一般
TX10003425VP,R400075,大阪オンZB35-20025,20260226,M0900025,20250226,決済済,FALSE,U07025,渡辺 健,優待
AA10003562AA,R400078,名古屋オンAC36-20026,20260327,M0900026,20250301,決済済,FALSE,U07026,山本 明,法人
HD10003699FL,R400081,福岡オンBD37-20027,20260401,M0900027,20250402,決済済,FALSE,U07027,中村 誠,一般
OG10003836KW,R400084,札幌オンCE38-20028,20260502,M0900028,20250503,決済済,FALSE,U07028,小林 舞,優待
VJ10003973PH,R400087,仙台オンDF39-20029,20260603,M0900029,20250604,決済済,FALSE,U07029,加藤 涼,法人
CM10004110US,R400090,広島オンEG40-20030,20260704,M0900030,20250705,決済済,FALSE,U07030,佐藤 一郎,一般
JP10004247ZD,R400093,高松オンFH41-20031,20260805,M0900031,20250806,決済済,FALSE,U07031,鈴木 花子,優待
QS10004384EO,R400096,東京オンGI42-20032,20260906,M0900032,20250907,決済済,FALSE,U07032,高橋 次郎,法人
XV10004521JZ,R400099,大阪オンHJ43-20033,20261007,M0900033,20251008,決済済,FALSE,U07033,田中 三郎,一般
EY10004658OK,R400102,名古屋オンIK44-20034,20261108,M0900034,20251109,決済済,FALSE,U07034,伊藤 良子,優待
LB10004795TV,R400105,福岡オンJL45-20035,20261209,M0900035,20251210,決済済,FALSE,U07035,渡辺 健,法人
SE10004932YG,R400108,札幌オンKM46-20036,20260110,M0900036,20250111,決済済,FALSE,U07036,山本 明,一般
ZH10005069DR,R400111,仙台オンLN47-20037,20260211,M0900037,20250212,決済済,FALSE,U07037,中村 誠,優待
GK10005206IC,R400114,広島オンMO48-20038,20260312,M0900038,20250313,決済済,FALSE,U07038,小林 舞,法人
NN10005343NN,R400117,高松オンNP49-20039,20260413,M0900039,20250414,決済済,FALSE,U07039,加藤 涼,一般
EY10008220OK,R400180,札幌オンIL70-20060,20260107,M0900060,20250109,決済済,FALSE,U07060,佐藤 一郎,一般
LB10008357TV,R400183,仙台オンJM71-20061,20260208,M0900061,20250210,決済済,FALSE,U07061,鈴木 花子,優待
SE10008494YG,R400186,広島オンKN72-20062,20260309,M0900062,20250311,決済済,FALSE,U07062,高橋 次郎,法人
ZH10008631DR,R400189,高松オンLO73-20063,20260410,M0900063,20250412,決済済,FALSE,U07063,田中 三郎,一般
GK10008768IC,R400192,東京オンMP74-20064,20260511,M0900064,20250513,決済済,FALSE,U07064,伊藤 良子,優待
NN10008905NN,R400195,大阪オンNQ75-20065,20260612,M0900065,20250614,決済済,FALSE,U07065,渡辺 健,法人
UQ10009042SY,R400198,名古屋オンOR76-20066,20260713,M0900066,20250715,決済済,FALSE,U07066,山本 明,一般
BT10009179XJ,R400201,福岡オンPS77-20067,20260814,M0900067,20250816,決済済,FALSE,U07067,中村 誠,優待
IW10009316CU,R400204,札幌オンQT78-20068,20260915,M0900068,20250917,決済済,FALSE,U07068,小林 舞,法人
PZ10009453HF,R400207,仙台オンRU79-20069,20261016,M0900069,20251018,決済済,FALSE,U07069,加藤 涼,一般
WC10009590MQ,R400210,広島オンSV80-20070,20261117,M0900070,20251119,決済済,FALSE,U07070,佐藤 一郎,優待
DF10009727RB,R400213,高松オンTW81-20071,20261218,M0900071,20251220,決済済,FALSE,U07071,鈴木 花子,法人
KI10009864WM,R400216,東京オンUX82-20072,20260119,M0900072,20250121,決済済,FALSE,U07072,高橋 次郎,一般
RL10010001BX,R400219,大阪オンVY83-20073,20260220,M0900073,20250222,決済済,FALSE,U07073,田中 三郎,優待
YO10010138GI,R400222,名古屋オンWZ84-20074,20260321,M0900074,20250323,決済済,FALSE,U07074,伊藤 良子,法人
FR10010275LT,R400225,福岡オンXB85-20075,20260422,M0900075,20250424,決済済,FALSE,U07075,渡辺 健,一般
MU10010412QE,R400228,札幌オンYC86-20076,20260523,M0900076,20250525,決済済,FALSE,U07076,山本 明,優待
TX10010549VP,R400231,仙台オンZD87-20077,20260624,M0900077,20250626,決済済,FALSE,U07077,中村 誠,法人
AA10010686AA,R400234,広島オンAE88-20078,20260725,M0900078,20250701,決済済,FALSE,U07078,小林 舞,一般
HD10010823FL,R400237,高松オンBF89-20079,20260826,M0900079,20250802,決済済,FALSE,U07079,加藤 涼,優待
,R400240,,,,,決済済,FALSE,U07080,佐藤 一郎,法人
,R400243,,,,,決済済,FALSE,U07081,鈴木 花子,一般
,R400246,,,,,決済済,FALSE,U07082,高橋 次郎,優待
,R400249,,,,,決済済,FALSE,U07083,田中 三郎,法人
,R400252,,,,,決済済,FALSE,U07084,伊藤 良子,一般
,R400255,,,,,決済済,FALSE,U07085,渡辺 健,優待
,R400258,,,,,決済済,FALSE,U07086,山本 明,法人
,R400261,,,,,決済済,FALSE,U07087,中村 誠,一般
,R400264,,,,,決済済,FALSE,U07088,小林 舞,優待
,R400267,,,,,決済済,FALSE,U07089,加藤 涼,法人
,R400270,,,,,決済済,FALSE,U07090,佐藤 一郎,一般
,R400273,,,,,決済済,FALSE,U07091,鈴木 花子,優待
,R400276,,,,,決済済,FALSE,U07092,高橋 次郎,法人
,R400279,,,,,決済済,FALSE,U07093,田中 三郎,一般
,R400282,,,,,決済済,FALSE,U07094,伊藤 良子,優待
,R400285,,,,,決済済,FALSE,U07095,渡辺 健,法人
,R400288,,,,,決済済,FALSE,U07096,山本 明,一般
,R400291,,,,,決済済,FALSE,U07097,中村 誠,優待
,R400294,,,,,決済済,FALSE,U07098,小林 舞,法人
,R400297,,,,,決済済,FALSE,U07099,加藤 涼,一般
